Group Email [Required],Member Email,Member Type,Member Role,Member Subscription Type
gdmediabox@538888.xyz,mfc--7t8rc134cq30nryhklw2eq46g@gdrive-333605.iam.gserviceaccount.com,SERVICE_ACCOUNT,MANAGER,DELIVERY_SETTINGS_UNKNOWN
gdmediabox@538888.xyz,mfc--fat11-dop5q5olp30-zsuw-by@gdrive-333605.iam.gserviceaccount.com,SERVICE_ACCOUNT,MANAGER,DELIVERY_SETTINGS_UNKNOWN
gdmediabox@538888.xyz,mfc-0jguz3in03ol6n4oszz02pptfw@gdrive-333605.iam.gserviceaccount.com,SERVICE_ACCOUNT,MANAGER,DELIVERY_SETTINGS_UNKNOWN
gdmediabox@538888.xyz,mfc-0udho3hl9qwd-2-h0lrbef8zds@gdrive-333605.iam.gserviceaccount.com,SERVICE_ACCOUNT,MANAGER,DELIVERY_SETTINGS_UNKNOWN
gdmediabox@538888.xyz,mfc-0x938po3jbdh837kqugfu30e0a@gdrive-333605.iam.gserviceaccount.com,SERVICE_ACCOUNT,MANAGER,DELIVERY_SETTINGS_UNKNOWN
gdmediabox@538888.xyz,mfc-1rxohld2rljd7aayee2hrba-xr@gdrive-333605.iam.gserviceaccount.com,SERVICE_ACCOUNT,MANAGER,DELIVERY_SETTINGS_UNKNOWN
gdmediabox@538888.xyz,mfc-2by6d2khqvjpjmtbd1ebq5ur64@gdrive-333605.iam.gserviceaccount.com,SERVICE_ACCOUNT,MANAGER,DELIVERY_SETTINGS_UNKNOWN
gdmediabox@538888.xyz,mfc-2gfte89aed3v0o5lq8ovrjm1p1@gdrive-333605.iam.gserviceaccount.com,SERVICE_ACCOUNT,MANAGER,DELIVERY_SETTINGS_UNKNOWN
gdmediabox@538888.xyz,mfc-2t197locnksb648tni6tji5qul@gdrive-333605.iam.gserviceaccount.com,SERVICE_ACCOUNT,MANAGER,DELIVERY_SETTINGS_UNKNOWN
gdmediabox@538888.xyz,mfc-3361ibpju0yznijboi2x1vsiky@gdrive-333605.iam.gserviceaccount.com,SERVICE_ACCOUNT,MANAGER,DELIVERY_SETTINGS_UNKNOWN
gdmediabox@538888.xyz,mfc-3gio1gy0pwijt0a1ur9a2ry7i2@gdrive-333605.iam.gserviceaccount.com,SERVICE_ACCOUNT,MANAGER,DELIVERY_SETTINGS_UNKNOWN
gdmediabox@538888.xyz,mfc-3ne84yp4m--ito54fllxfvrji0@gdrive-333605.iam.gserviceaccount.com,SERVICE_ACCOUNT,MANAGER,DELIVERY_SETTINGS_UNKNOWN
gdmediabox@538888.xyz,mfc-3zn3k51uvoo1yjj7p2ibd2fiuj@gdrive-333605.iam.gserviceaccount.com,SERVICE_ACCOUNT,MANAGER,DELIVERY_SETTINGS_UNKNOWN
gdmediabox@538888.xyz,mfc-437au-nmd7opoix2yg8z-eo-r1@gdrive-333605.iam.gserviceaccount.com,SERVICE_ACCOUNT,MANAGER,DELIVERY_SETTINGS_UNKNOWN
gdmediabox@538888.xyz,mfc-44zva61a3kzce89xzhe-2oqlo8@gdrive-333605.iam.gserviceaccount.com,SERVICE_ACCOUNT,MANAGER,DELIVERY_SETTINGS_UNKNOWN
gdmediabox@538888.xyz,mfc-48073765kk4vulm39y3pff6-l4@gdrive-333605.iam.gserviceaccount.com,SERVICE_ACCOUNT,MANAGER,DELIVERY_SETTINGS_UNKNOWN
gdmediabox@538888.xyz,mfc-49cc9bsyk4osrgp2njd9yzxp5e@gdrive-333605.iam.gserviceaccount.com,SERVICE_ACCOUNT,MANAGER,DELIVERY_SETTINGS_UNKNOWN
gdmediabox@538888.xyz,mfc-4c3b71260p418mtysw7lgz1t62@gdrive-333605.iam.gserviceaccount.com,SERVICE_ACCOUNT,MANAGER,DELIVERY_SETTINGS_UNKNOWN
gdmediabox@538888.xyz,mfc-4x4x-cgcka54f-itn38fhs8xyv@gdrive-333605.iam.gserviceaccount.com,SERVICE_ACCOUNT,MANAGER,DELIVERY_SETTINGS_UNKNOWN
gdmediabox@538888.xyz,mfc-54-z3qj9bjx2r5oevudprafwc7@gdrive-333605.iam.gserviceaccount.com,SERVICE_ACCOUNT,MANAGER,DELIVERY_SETTINGS_UNKNOWN
gdmediabox@538888.xyz,mfc-56nrd5ncin8u-tz3cs7478uadk@gdrive-333605.iam.gserviceaccount.com,SERVICE_ACCOUNT,MANAGER,DELIVERY_SETTINGS_UNKNOWN
gdmediabox@538888.xyz,mfc-6-4fs-owau1z-16w1t8y5webig@gdrive-333605.iam.gserviceaccount.com,SERVICE_ACCOUNT,MANAGER,DELIVERY_SETTINGS_UNKNOWN
gdmediabox@538888.xyz,mfc-6ud5-c9mtle6umj1e44pyijyju@gdrive-333605.iam.gserviceaccount.com,SERVICE_ACCOUNT,MANAGER,DELIVERY_SETTINGS_UNKNOWN
gdmediabox@538888.xyz,mfc-764rjx72exbzr6ermdw4yoesuy@gdrive-333605.iam.gserviceaccount.com,SERVICE_ACCOUNT,MANAGER,DELIVERY_SETTINGS_UNKNOWN
gdmediabox@538888.xyz,mfc-79p3r8m96f7m0x2ad9y01awepo@gdrive-333605.iam.gserviceaccount.com,SERVICE_ACCOUNT,MANAGER,DELIVERY_SETTINGS_UNKNOWN
gdmediabox@538888.xyz,mfc-7rg3t35y5zvqk-huknwt74b-sj@gdrive-333605.iam.gserviceaccount.com,SERVICE_ACCOUNT,MANAGER,DELIVERY_SETTINGS_UNKNOWN
gdmediabox@538888.xyz,mfc-7yntmaefwbgxuiyyyq1cksq-20@gdrive-333605.iam.gserviceaccount.com,SERVICE_ACCOUNT,MANAGER,DELIVERY_SETTINGS_UNKNOWN
gdmediabox@538888.xyz,mfc-8lv8htfkr2i9efx3ae3v5om9cy@gdrive-333605.iam.gserviceaccount.com,SERVICE_ACCOUNT,MANAGER,DELIVERY_SETTINGS_UNKNOWN
gdmediabox@538888.xyz,mfc-8r5zq64zl2f8svy5obnz2e0lko@gdrive-333605.iam.gserviceaccount.com,SERVICE_ACCOUNT,MANAGER,DELIVERY_SETTINGS_UNKNOWN
gdmediabox@538888.xyz,mfc-9-ulkn-dqbk80e5aupdatrozk3@gdrive-333605.iam.gserviceaccount.com,SERVICE_ACCOUNT,MANAGER,DELIVERY_SETTINGS_UNKNOWN
gdmediabox@538888.xyz,mfc-95ea2fwk2if6c-cf07vlb675gd@gdrive-333605.iam.gserviceaccount.com,SERVICE_ACCOUNT,MANAGER,DELIVERY_SETTINGS_UNKNOWN
gdmediabox@538888.xyz,mfc-9a3nogjd2ndkm--3fg-qj7rs3o@gdrive-333605.iam.gserviceaccount.com,SERVICE_ACCOUNT,MANAGER,DELIVERY_SETTINGS_UNKNOWN
gdmediabox@538888.xyz,mfc-9nd4yqaudn-aud7ft5-qs79-6d@gdrive-333605.iam.gserviceaccount.com,SERVICE_ACCOUNT,MANAGER,DELIVERY_SETTINGS_UNKNOWN
gdmediabox@538888.xyz,mfc-9p3ew7irxq7t3iwr120c22ua01@gdrive-333605.iam.gserviceaccount.com,SERVICE_ACCOUNT,MANAGER,DELIVERY_SETTINGS_UNKNOWN
gdmediabox@538888.xyz,mfc-agkrsyj4ipxpwgrqwv8kl39hdm@gdrive-333605.iam.gserviceaccount.com,SERVICE_ACCOUNT,MANAGER,DELIVERY_SETTINGS_UNKNOWN
gdmediabox@538888.xyz,mfc-bcof52jb72yiuzcv1ux2hyxclj@gdrive-333605.iam.gserviceaccount.com,SERVICE_ACCOUNT,MANAGER,DELIVERY_SETTINGS_UNKNOWN
gdmediabox@538888.xyz,mfc-bf7iq7ntie33t15e492bcp6bkb@gdrive-333605.iam.gserviceaccount.com,SERVICE_ACCOUNT,MANAGER,DELIVERY_SETTINGS_UNKNOWN
gdmediabox@538888.xyz,mfc-br0229r0h3fgodp5o47putywdd@gdrive-333605.iam.gserviceaccount.com,SERVICE_ACCOUNT,MANAGER,DELIVERY_SETTINGS_UNKNOWN
gdmediabox@538888.xyz,mfc-cyrokin1b7i-hx2knwcus6t90i@gdrive-333605.iam.gserviceaccount.com,SERVICE_ACCOUNT,MANAGER,DELIVERY_SETTINGS_UNKNOWN
gdmediabox@538888.xyz,mfc-d-lodrclh3dc5khzeallyjhc21@gdrive-333605.iam.gserviceaccount.com,SERVICE_ACCOUNT,MANAGER,DELIVERY_SETTINGS_UNKNOWN
gdmediabox@538888.xyz,mfc-d3xisdgdl4jo92bfml-yisai83@gdrive-333605.iam.gserviceaccount.com,SERVICE_ACCOUNT,MANAGER,DELIVERY_SETTINGS_UNKNOWN
gdmediabox@538888.xyz,mfc-dcv4pl53ni9cdttj3kb8lq8bnq@gdrive-333605.iam.gserviceaccount.com,SERVICE_ACCOUNT,MANAGER,DELIVERY_SETTINGS_UNKNOWN
gdmediabox@538888.xyz,mfc-dvx3052dtjwq9ammsm-vky5s88@gdrive-333605.iam.gserviceaccount.com,SERVICE_ACCOUNT,MANAGER,DELIVERY_SETTINGS_UNKNOWN
gdmediabox@538888.xyz,mfc-dyz43a6yfz0gfumxo9lbvvlszx@gdrive-333605.iam.gserviceaccount.com,SERVICE_ACCOUNT,MANAGER,DELIVERY_SETTINGS_UNKNOWN
gdmediabox@538888.xyz,mfc-ejlta9tyysgq4155dt9q678t9k@gdrive-333605.iam.gserviceaccount.com,SERVICE_ACCOUNT,MANAGER,DELIVERY_SETTINGS_UNKNOWN
gdmediabox@538888.xyz,mfc-esy7f9c26ml6yj734-3bfcfr42@gdrive-333605.iam.gserviceaccount.com,SERVICE_ACCOUNT,MANAGER,DELIVERY_SETTINGS_UNKNOWN
gdmediabox@538888.xyz,mfc-evqzwp3dxfdek9it50g7hqmn7y@gdrive-333605.iam.gserviceaccount.com,SERVICE_ACCOUNT,MANAGER,DELIVERY_SETTINGS_UNKNOWN
gdmediabox@538888.xyz,mfc-f1v5q2gcjo6cebkvfvkzuld2n2@gdrive-333605.iam.gserviceaccount.com,SERVICE_ACCOUNT,MANAGER,DELIVERY_SETTINGS_UNKNOWN
gdmediabox@538888.xyz,mfc-fb8v58jq85d9re685n2oglvaxs@gdrive-333605.iam.gserviceaccount.com,SERVICE_ACCOUNT,MANAGER,DELIVERY_SETTINGS_UNKNOWN
gdmediabox@538888.xyz,mfc-flo9gaxp33euwj15ccyo480djy@gdrive-333605.iam.gserviceaccount.com,SERVICE_ACCOUNT,MANAGER,DELIVERY_SETTINGS_UNKNOWN
gdmediabox@538888.xyz,mfc-fn0gni4y0725a-hu-3ayumhihs@gdrive-333605.iam.gserviceaccount.com,SERVICE_ACCOUNT,MANAGER,DELIVERY_SETTINGS_UNKNOWN
gdmediabox@538888.xyz,mfc-ghjb0jblxncyndstap2vgs-hvb@gdrive-333605.iam.gserviceaccount.com,SERVICE_ACCOUNT,MANAGER,DELIVERY_SETTINGS_UNKNOWN
gdmediabox@538888.xyz,mfc-gp02qylufi8xe7ze0latd9y0iv@gdrive-333605.iam.gserviceaccount.com,SERVICE_ACCOUNT,MANAGER,DELIVERY_SETTINGS_UNKNOWN
gdmediabox@538888.xyz,mfc-gsjf52bh062wts1mma4zy38-t3@gdrive-333605.iam.gserviceaccount.com,SERVICE_ACCOUNT,MANAGER,DELIVERY_SETTINGS_UNKNOWN
gdmediabox@538888.xyz,mfc-gsnew6ywndocitc6db-i6drzpp@gdrive-333605.iam.gserviceaccount.com,SERVICE_ACCOUNT,MANAGER,DELIVERY_SETTINGS_UNKNOWN
gdmediabox@538888.xyz,mfc-gutv7geb-fw9e915gx2i8icbd1@gdrive-333605.iam.gserviceaccount.com,SERVICE_ACCOUNT,MANAGER,DELIVERY_SETTINGS_UNKNOWN
gdmediabox@538888.xyz,mfc-hilejxkac6ybenkngae75g6dlr@gdrive-333605.iam.gserviceaccount.com,SERVICE_ACCOUNT,MANAGER,DELIVERY_SETTINGS_UNKNOWN
gdmediabox@538888.xyz,mfc-hm5owyuj5m-gvd1de-dj4v-1k0@gdrive-333605.iam.gserviceaccount.com,SERVICE_ACCOUNT,MANAGER,DELIVERY_SETTINGS_UNKNOWN
gdmediabox@538888.xyz,mfc-ib6m6t7bpon85ngmw1dktv78ao@gdrive-333605.iam.gserviceaccount.com,SERVICE_ACCOUNT,MANAGER,DELIVERY_SETTINGS_UNKNOWN
gdmediabox@538888.xyz,mfc-ic88lz6bfw5t0u4bh78tnd8joo@gdrive-333605.iam.gserviceaccount.com,SERVICE_ACCOUNT,MANAGER,DELIVERY_SETTINGS_UNKNOWN
gdmediabox@538888.xyz,mfc-icwxxd53oiutu-2ytul2s-fqg8@gdrive-333605.iam.gserviceaccount.com,SERVICE_ACCOUNT,MANAGER,DELIVERY_SETTINGS_UNKNOWN
gdmediabox@538888.xyz,mfc-irxetu6r8ttjr4n4u0h91g4xgz@gdrive-333605.iam.gserviceaccount.com,SERVICE_ACCOUNT,MANAGER,DELIVERY_SETTINGS_UNKNOWN
gdmediabox@538888.xyz,mfc-isajm0rfotpy9gbyx7ndx56fz7@gdrive-333605.iam.gserviceaccount.com,SERVICE_ACCOUNT,MANAGER,DELIVERY_SETTINGS_UNKNOWN
gdmediabox@538888.xyz,mfc-ix777aq0s1uhii5k6jgrw3qlhv@gdrive-333605.iam.gserviceaccount.com,SERVICE_ACCOUNT,MANAGER,DELIVERY_SETTINGS_UNKNOWN
gdmediabox@538888.xyz,mfc-iz8dc-c4-wemq-vl9jnhl8iqrr@gdrive-333605.iam.gserviceaccount.com,SERVICE_ACCOUNT,MANAGER,DELIVERY_SETTINGS_UNKNOWN
gdmediabox@538888.xyz,mfc-jfqa8hawto-hyulu1726gfamq7@gdrive-333605.iam.gserviceaccount.com,SERVICE_ACCOUNT,MANAGER,DELIVERY_SETTINGS_UNKNOWN
gdmediabox@538888.xyz,mfc-kpu0-yc7ro-yxrvc1db629v5k6@gdrive-333605.iam.gserviceaccount.com,SERVICE_ACCOUNT,MANAGER,DELIVERY_SETTINGS_UNKNOWN
gdmediabox@538888.xyz,mfc-ksyuwcmy-pp-yhmmcjdvrg9w73@gdrive-333605.iam.gserviceaccount.com,SERVICE_ACCOUNT,MANAGER,DELIVERY_SETTINGS_UNKNOWN
gdmediabox@538888.xyz,mfc-kxoftzb9qu70p3b2jzl-1xom83@gdrive-333605.iam.gserviceaccount.com,SERVICE_ACCOUNT,MANAGER,DELIVERY_SETTINGS_UNKNOWN
gdmediabox@538888.xyz,mfc-lkstd0vri3d7dwxnekp7u-koep@gdrive-333605.iam.gserviceaccount.com,SERVICE_ACCOUNT,MANAGER,DELIVERY_SETTINGS_UNKNOWN
gdmediabox@538888.xyz,mfc-lvhqjasku4ynlr8bihnffv04zi@gdrive-333605.iam.gserviceaccount.com,SERVICE_ACCOUNT,MANAGER,DELIVERY_SETTINGS_UNKNOWN
gdmediabox@538888.xyz,mfc-lyejcwp4qble843g438hpxr8yw@gdrive-333605.iam.gserviceaccount.com,SERVICE_ACCOUNT,MANAGER,DELIVERY_SETTINGS_UNKNOWN
gdmediabox@538888.xyz,mfc-mfihwepqhbm8okmyzzy0njuz-w@gdrive-333605.iam.gserviceaccount.com,SERVICE_ACCOUNT,MANAGER,DELIVERY_SETTINGS_UNKNOWN
gdmediabox@538888.xyz,mfc-nctmuv-ss34n3k635x2r36oky2@gdrive-333605.iam.gserviceaccount.com,SERVICE_ACCOUNT,MANAGER,DELIVERY_SETTINGS_UNKNOWN
gdmediabox@538888.xyz,mfc-nlxiyjtwzeb0hjd2t5x232fgi7@gdrive-333605.iam.gserviceaccount.com,SERVICE_ACCOUNT,MANAGER,DELIVERY_SETTINGS_UNKNOWN
gdmediabox@538888.xyz,mfc-o9r0t22snx7dps3mdyv-qxcag0@gdrive-333605.iam.gserviceaccount.com,SERVICE_ACCOUNT,MANAGER,DELIVERY_SETTINGS_UNKNOWN
gdmediabox@538888.xyz,mfc-ompbse2em4222em79yh99lc7fd@gdrive-333605.iam.gserviceaccount.com,SERVICE_ACCOUNT,MANAGER,DELIVERY_SETTINGS_UNKNOWN
gdmediabox@538888.xyz,mfc-op61lk63yr97-rir43nz4l8xjm@gdrive-333605.iam.gserviceaccount.com,SERVICE_ACCOUNT,MANAGER,DELIVERY_SETTINGS_UNKNOWN
gdmediabox@538888.xyz,mfc-os3qny3w7cjrk8cl3855go59e1@gdrive-333605.iam.gserviceaccount.com,SERVICE_ACCOUNT,MANAGER,DELIVERY_SETTINGS_UNKNOWN
gdmediabox@538888.xyz,mfc-ovp04qckf8urjh9nbr3dyulzb2@gdrive-333605.iam.gserviceaccount.com,SERVICE_ACCOUNT,MANAGER,DELIVERY_SETTINGS_UNKNOWN
gdmediabox@538888.xyz,mfc-p7u5798r0lv32hdzvk2a0um42d@gdrive-333605.iam.gserviceaccount.com,SERVICE_ACCOUNT,MANAGER,DELIVERY_SETTINGS_UNKNOWN
gdmediabox@538888.xyz,mfc-pgtl87binex3cfn1w6tczjtn9d@gdrive-333605.iam.gserviceaccount.com,SERVICE_ACCOUNT,MANAGER,DELIVERY_SETTINGS_UNKNOWN
gdmediabox@538888.xyz,mfc-q85xnpknmw2qafiy9oguaiuvr0@gdrive-333605.iam.gserviceaccount.com,SERVICE_ACCOUNT,MANAGER,DELIVERY_SETTINGS_UNKNOWN
gdmediabox@538888.xyz,mfc-qj8pywrc3afte32udn4pcore4v@gdrive-333605.iam.gserviceaccount.com,SERVICE_ACCOUNT,MANAGER,DELIVERY_SETTINGS_UNKNOWN
gdmediabox@538888.xyz,mfc-rz4t-hms0ur5p8jjtf4rpuj-kd@gdrive-333605.iam.gserviceaccount.com,SERVICE_ACCOUNT,MANAGER,DELIVERY_SETTINGS_UNKNOWN
gdmediabox@538888.xyz,mfc-s-io-v1bb3eg9x1en24obcyel0@gdrive-333605.iam.gserviceaccount.com,SERVICE_ACCOUNT,MANAGER,DELIVERY_SETTINGS_UNKNOWN
gdmediabox@538888.xyz,mfc-s8lt64swdd29xjt-e4n70yilr3@gdrive-333605.iam.gserviceaccount.com,SERVICE_ACCOUNT,MANAGER,DELIVERY_SETTINGS_UNKNOWN
gdmediabox@538888.xyz,mfc-sethvvituufo-wwgwrjci3gmcz@gdrive-333605.iam.gserviceaccount.com,SERVICE_ACCOUNT,MANAGER,DELIVERY_SETTINGS_UNKNOWN
gdmediabox@538888.xyz,mfc-smaug7vwhmfep-znz646fgean5@gdrive-333605.iam.gserviceaccount.com,SERVICE_ACCOUNT,MANAGER,DELIVERY_SETTINGS_UNKNOWN
gdmediabox@538888.xyz,mfc-syba6f698td9-tplqidh8no31s@gdrive-333605.iam.gserviceaccount.com,SERVICE_ACCOUNT,MANAGER,DELIVERY_SETTINGS_UNKNOWN
gdmediabox@538888.xyz,mfc-thv31ylc8rxr2i5mz3y1835rii@gdrive-333605.iam.gserviceaccount.com,SERVICE_ACCOUNT,MANAGER,DELIVERY_SETTINGS_UNKNOWN
gdmediabox@538888.xyz,mfc-u1cseklyn17whn-r0-h12wwezo@gdrive-333605.iam.gserviceaccount.com,SERVICE_ACCOUNT,MANAGER,DELIVERY_SETTINGS_UNKNOWN
gdmediabox@538888.xyz,mfc-v5n4qezqero83srcczx7ufcaqv@gdrive-333605.iam.gserviceaccount.com,SERVICE_ACCOUNT,MANAGER,DELIVERY_SETTINGS_UNKNOWN
gdmediabox@538888.xyz,mfc-vunk-uhrkyphop16w9n9ags-9r@gdrive-333605.iam.gserviceaccount.com,SERVICE_ACCOUNT,MANAGER,DELIVERY_SETTINGS_UNKNOWN
gdmediabox@538888.xyz,mfc-weo-jl7m3kugzu76swmdgwbpx3@gdrive-333605.iam.gserviceaccount.com,SERVICE_ACCOUNT,MANAGER,DELIVERY_SETTINGS_UNKNOWN
gdmediabox@538888.xyz,mfc-whfnvk6loh4o5ek6bx-5gage53@gdrive-333605.iam.gserviceaccount.com,SERVICE_ACCOUNT,MANAGER,DELIVERY_SETTINGS_UNKNOWN
gdmediabox@538888.xyz,mfc-ww5q7rzlhzs3l7pu31-gf7a1k6@gdrive-333605.iam.gserviceaccount.com,SERVICE_ACCOUNT,MANAGER,DELIVERY_SETTINGS_UNKNOWN
gdmediabox@538888.xyz,mfc-xliy8omfgmy6bi7nrjs97adw5u@gdrive-333605.iam.gserviceaccount.com,SERVICE_ACCOUNT,MANAGER,DELIVERY_SETTINGS_UNKNOWN
gdmediabox@538888.xyz,mfc-zfqgu68k9w2w81nvijxtg6m7mk@gdrive-333605.iam.gserviceaccount.com,SERVICE_ACCOUNT,MANAGER,DELIVERY_SETTINGS_UNKNOWN
gdmediabox@538888.xyz,mfc-zkt3lkcen75t27724m6i2qr7kw@gdrive-333605.iam.gserviceaccount.com,SERVICE_ACCOUNT,MANAGER,DELIVERY_SETTINGS_UNKNOWN
gdmediabox@538888.xyz,wangshang@538888.xyz,USER,OWNER,DELIVERY_SETTINGS_UNKNOWN
